CLAVE,Precip_at_Pe85_mm,w
13042,946.9499999999999,0.14858170067983414
13015,252.2940000000001,0.0077511768056555
30359,548.6300000000001,0.010270839206741917
30067,1037.53,0.07460905491672815
13135,1097.2794999999999,0.025742140168399933
30382,1776.1619999999998,0.3855102776245868
30016,240.86000000000007,0.20655130480969455
13139,1083.5800000000002,0.06517074078923334
30041,1403.3,0.05383875063411982
30180,1105.758,0.02197401436500594
